"Table with row headers in column A and column headers in rows 5 and 6, and 60 and 61",,,,,,,,,,,,,,,,,,,,,,,,,,,,,,,,,,,,,,,,,,,,,,,,,,,,,,,,,,,,,,,,,,,,,,
Table H-8.  Median Household Income by State: 1984 to 2017,,,,,,,,,,,,,,,,,,,,,,,,,,,,,,,,,,,,,,,,,,,,,,,,,,,,,,,,,,,,,,,,,,,,,,
"(Households as of March of the following year.  Income in current and 2017 CPI-U-RS adjusted dollars. (28)  Beginning in 2010, standard errors were calculated using replicate weights)",,,,,,,,,,,,,,,,,,,,,,,,,,,,,,,,,,,,,,,,,,,,,,,,,,,,,,,,,,,,,,,,,,,,,,
CURRENT DOLLARS,,,,,,,,,,,,,,,,,,,,,,,,,,,,,,,,,,,,,,,,,,,,,,,,,,,,,,,,,,,,,,,,,,,,,,
State,2017,,2016,,2015,,2014,,2013 (39),,2013 (38),,2012,,2011,,2010 (37),,2009 (36),,2008,,2007,,2006,,2005,,2004(revised),,2003,,2002,,2001,,2000 (30),,1999 (29),,1998,,1997,,1996,,1995 (25),,1994 (24),,1993 (23),,1992 (22),,1991,,1990,,1989,,1988,,1987 (21),,1986,,1985 (20),,1984 (19),
,"Median
income","Standard
error","Median
income","Standard
error","Median
income","Standard
error","Median
income","Standard
error","Median
income","Standard
error","Median
income","Standard
error","Median
income","Standard
error","Median
income","Standard
error","Median
income","Standard
error","Median
income","Standard
error","Median
income","Standard
error","Median
income","Standard
error","Median
income","Standard
error","Median
income","Standard
error","Median
income","Standard
error","Median
income","Standard
error","Median
income","Standard
error","Median
income","Standard
error","Median
income","Standard
error","Median
income","Standard
error","Median
income","Standard
error","Median
income","Standard
error","Median
income","Standard
error","Median
income","Standard
error","Median
income","Standard
error","Median
income","Standard
error","Median
income","Standard
error","Median
income","Standard
error","Median
income","Standard
error","Median
income","Standard
error","Median
income","Standard
error","Median
income","Standard
error","Median
income","Standard
error","Median
income","Standard
error","Median
income","Standard
error"
United States,"61,372",335,"59,039",436,"56,516",321,"53,657",392,"53,585",654,"51,939",276,"51,017",209,"50,054",251,"49,276",325,"49,777",213,"50,303",137,"50,233",140,"48,201",207,"46,326",155,"44,334",196,"43,318",188,"42,409",139,"42,228",129,"41,990",132,"40,696",190,"38,885",230,"37,005",171,"35,492",179,"34,076",197,"32,264",147,"31,241",146,"30,636",145,"30,126",144,"29,943",153,"28,906",159,"27,225",139,"26,061",127,"24,897",129,"23,618",128,"22,415",102
Alabama,"51,113",845,"47,221","2,301","44,509","3,419","42,278","1,529","47,320","5,511","41,381","2,315","43,464","2,529","42,590","2,021","40,933","2,396","39,980",904,"44,476","1,659","42,212","1,420","37,952","1,014","37,150","1,215","36,629","1,303","37,255","1,580","37,603","1,062","35,160","1,006","35,424","1,072","36,251","1,189","36,266","1,307","31,939","1,607","30,302","1,258","25,991","1,266","27,196","1,559","25,082","1,088","25,808","1,058","24,346","1,068","23,357","1,037","21,284","1,070","19,948",912,"19,734","1,147","19,132",885,"18,333",760,"17,310",605
Alaska,"72,231","2,719","75,723","4,086","75,112","3,485","67,629","3,153","72,472","5,446","61,137","3,301","63,648","2,839","57,431","3,710","57,848","2,390","61,604","1,751","63,989","2,302","62,993","1,583","56,418","1,495","55,891","1,331","55,063","2,071","51,837",981,"52,774","1,073","57,363","2,012","52,847","1,159","51,396","2,226","50,692","2,124","47,994","1,258","52,779","1,907","47,954","2,008","45,367","1,494","42,931","1,643","41,802","1,156","40,612","1,822","39,298","1,627","36,006","1,378","33,103","1,183","33,233","1,497","31,356","1,017","34,782","1,089","32,356","1,473"
Arizona,"61,125","2,642","57,100","1,971","52,248","2,008","49,254","2,304","52,611","4,365","50,602","4,831","47,044","2,922","48,621","2,424","46,896","2,227","45,739","1,241","46,914","1,125","47,215","1,555","46,657","1,246","45,245","1,271","43,846","1,143","41,166","1,422","39,734","1,003","42,704","1,441","39,783","1,210","36,995","1,133","37,090","1,255","32,740","1,297","31,637","1,274","30,863","1,360","31,293",773,"30,510","1,120","29,358","1,088","30,737",897,"29,224","1,141","28,552","1,210","26,435",843,"26,749",892,"25,500",718,"23,877",744,"21,425",609
Arkansas,"48,829","2,642","45,907","2,165","42,798","1,572","44,922","2,546","39,376","2,402","39,919","2,389","39,018","2,812","41,302","1,849","38,587","2,464","36,538",909,"39,586","1,194","40,795","1,348","37,057",767,"36,658","1,309","34,984",994,"32,002",776,"32,387",778,"33,339","1,144","29,697",772,"29,682","1,026","27,665","1,160","26,162","1,154","27,123",978,"25,814",999,"25,565",944,"23,039",847,"23,882","1,398","23,435",783,"22,786",981,"21,433",915,"20,172",706,"18,827","1,008","18,730",765,"17,451",764,"15,674",748
California,"69,759","1,452","66,637","1,075","63,636","1,711","60,487",894,"60,794","1,811","57,528","1,223","57,020","1,238","53,367","1,378","54,283","1,182","56,134",619,"57,014",829,"55,734",618,"55,319",695,"51,755",460,"49,222",660,"49,300",819,"47,437",766,"47,262",727,"46,816",686,"43,629",703,"40,934",577,"39,694",864,"38,812",818,"37,009",723,"35,331",619,"34,073",651,"34,903",629,"33,664",685,"33,290",565,"33,009",618,"30,287",634,"30,146",538,"29,010",570,"26,981",350,"25,287",364
Colorado,"74,172","2,982","70,566","4,125","66,596","3,682","60,940","2,414","67,912","4,129","63,371","2,800","57,255","2,708","58,629","2,553","60,233","2,481","55,930","1,595","60,943","1,898","61,141","1,014","55,697","1,524","50,449","1,287","50,886","1,590","49,940","1,158","48,294","1,464","49,397","1,190","48,240","1,237","48,177","1,483","46,599","1,086","43,233","1,944","40,950","1,329","40,706","1,552","37,833","1,446","34,488","1,569","32,484","1,471","31,499","1,245","30,733",906,"26,806","1,398","26,214","1,285","26,476","1,075","27,192",926,"28,182",850,"25,801",805
Connecticut,"72,780","3,509","75,923","3,404","72,889","4,449","70,161","2,665","69,291","3,238","67,781","2,547","64,247","2,853","65,415","3,014","65,998","2,095","64,851","2,308","64,682","2,701","64,141","2,049","62,404","2,162","56,835","1,633","55,100","1,648","54,965","1,561","53,387","1,370","53,347","1,240","50,172","1,357","50,593","2,296","46,508","2,728","43,985","1,989","42,119","3,087","40,243","2,269","41,097","1,595","39,516","1,660","40,841","1,972","42,154","1,944","38,870","2,097","42,321","1,592","36,213","1,293","32,862","1,362","32,721","1,605","31,090","1,129","29,951","1,238"
Delaware,"62,318","3,300","58,046","2,992","57,756","3,392","57,522","2,970","54,091","4,350","52,219","2,486","48,972","1,976","54,660","1,745","55,214","2,255","52,114","1,781","50,702","1,388","54,589","2,159","52,438","1,730","51,235","1,076","48,049","1,421","49,019","1,378","49,650","1,685","49,602","1,468","50,365","1,508","46,628","2,281","41,458","1,753","43,033","2,062","39,309","1,402","34,928","1,848","35,873","1,191","36,064",849,"35,678","1,393","32,585","1,111","30,804","1,113","32,068","1,133","30,505","1,167","29,244",875,"25,626","1,212","22,980","1,366","25,819","1,027"
D.C.,"83,382","3,319","70,982","2,734","70,071","2,861","68,277","4,402","60,057","5,529","60,675","3,082","65,246","3,671","55,251","2,109","56,928","3,333","53,141","2,088","55,590","1,763","50,783","1,097","48,477","1,679","44,993","2,167","43,451","1,864","45,044","1,418","39,070",995,"41,169","1,023","41,222","1,072","38,670","1,599","33,433","1,311","31,860",984,"31,966","1,578","30,748","1,182","30,116","1,107","27,304","1,726","30,247","1,124","29,885","1,903","27,392","1,562","26,752","1,015","26,741",748,"27,455","1,285","24,322","1,252","21,076",756,"20,408",860
Florida,"53,681","1,816","51,176",835,"48,825","1,395","46,140",950,"48,532","2,815","47,886","1,573","46,071","1,110","45,105","1,138","44,066","1,544","45,631",706,"44,857",858,"45,794",570,"45,676",629,"42,990",810,"40,535",632,"38,972",759,"38,024",828,"36,421",417,"38,856",743,"35,831",627,"34,909",767,"32,455",583,"30,641",513,"29,745",612,"29,294",632,"28,550",707,"27,349",526,"27,252",475,"26,685",454,"26,085",475,"25,406",475,"24,489",476,"22,849",540,"21,343",437,"19,785",468
Georgia,"57,016","2,434","53,527","1,679","50,768","1,401","49,555","2,009","46,992","4,236","47,439","1,959","48,121","1,504","45,973","2,483","44,117","1,822","43,340","1,256","46,227","1,164","48,641","1,078","49,344","1,210","45,926",838,"40,984",618,"42,438",979,"42,939","1,107","42,576","1,073","41,901",831,"39,425","1,355","38,665","1,179","36,663",916,"32,496","1,666","34,099",897,"31,467","1,238","31,663","1,254","28,797","1,228","27,212","1,088","27,561","1,186","27,542","1,021","26,566",896,"26,714","1,380","24,370","1,112","21,049",788,"19,984",815
Hawaii,"73,575","2,227","72,133","2,510","64,514","2,840","71,223","2,676","64,235","3,918","61,408","2,207","56,263","2,255","59,047","2,531","59,539","2,731","55,649","2,023","61,521","1,481","64,022","2,125","60,470","1,571","59,586","1,212","56,242","1,690","51,834","1,332","47,303","1,371","47,439","1,256","51,546","1,193","44,504","1,832","40,827","2,369","40,934","1,399","41,772","1,893","42,851","1,292","42,255","2,423","42,662","1,759","42,113","1,435","37,246","1,630","38,921","1,414","35,035","1,328","33,024","1,482","35,022","1,074","29,003","1,206","28,961","1,446","28,877","1,216"
Idaho,"60,208","2,400","56,564","1,261","51,624","1,260","53,438","2,572","48,467","5,484","51,767","3,656","47,922","3,173","47,459","3,488","47,050","1,869","46,778","1,264","47,420","1,681","49,184","1,291","46,213","1,312","44,176","1,254","44,358","1,387","42,372",982,"37,715","1,121","38,241",966,"37,611","1,192","35,800","1,413","36,680","1,090","33,404","1,339","34,709","1,341","32,676","1,116","31,536","1,278","31,010","1,323","27,704",874,"26,116","1,029","25,305",975,"24,654",953,"23,450","1,004","20,755",834,"20,749",680,"20,761",598,"21,092",963
Illinois,"64,609","1,999","61,386","1,761","60,413","1,999","54,916","1,625","53,937","3,287","57,196","1,744","51,738","1,328","50,637","1,374","50,728","1,474","52,870",941,"53,254","1,325","52,506",950,"48,671","1,167","48,398",986,"46,077",823,"45,153","1,072","42,710",856,"46,171",879,"46,064",966,"46,330","1,028","43,178","1,234","41,283",782,"39,554","1,107","38,071",875,"35,081",799,"32,857",810,"31,551",752,"31,884",714,"32,542",724,"31,300",623,"29,524",754,"27,084",536,"26,511",634,"24,870",523,"23,752",567
Indiana,"58,873","2,026","56,094","2,877","51,983","1,682","48,060","1,943","49,455","4,508","50,553","3,220","46,158","1,787","44,445","2,309","46,139","2,573","44,305","1,085","46,520","1,185","47,453","1,255","45,407","1,236","42,437","1,100","42,329","1,151","42,425",959,"41,047",748,"40,379",948,"40,865",679,"40,838","1,719","39,731","1,589","38,889","1,183","35,147","1,298","33,385","1,444","27,858","1,032","29,475","1,361","28,530","1,315","27,089",922,"26,928","1,099","25,898","1,022","26,293",931,"22,519",944,"22,728",709,"22,675",626,"22,770",710
Iowa,"63,481","5,512","59,094","2,484","60,855","3,275","57,810","3,425","60,156","6,134","54,855","1,967","53,442","2,138","50,219","1,974","49,016","1,342","50,721","1,535","50,142","1,293","48,908","1,451","48,126","1,491","46,500","1,339","43,391","1,521","41,384",884,"41,049","1,152","40,976","1,133","40,991",811,"41,098","1,130","37,019","1,202","33,783","1,282","33,209","1,527","35,519",942,"33,079","1,280","28,663","1,240","28,743",972,"28,553","1,012","27,288",986,"26,265",792,"24,305","1,078","22,190",912,"22,459",750,"20,927",604,"19,863",745
Kansas,"57,872","2,898","56,810","3,268","54,865","3,731","53,444","2,863","47,820","4,496","51,485","1,498","50,003","1,812","46,147","1,950","46,054","1,816","44,717","1,788","47,877","1,410","48,497","1,805","45,552","1,252","42,027",985,"41,066","1,749","44,232","1,326","42,619","1,047","41,415","1,115","41,059","1,168","37,348","2,078","36,711","1,617","36,471","1,614","32,585","1,460","30,341",921,"28,322","1,064","29,770","1,144","30,346","1,137","29,295",934,"29,917","1,179","26,862",908,"25,566","1,153","25,583",900,"23,926",782,"22,788","1,033","24,629",912
Kentucky,"51,348","1,364","45,369","2,005","42,387","2,269","42,786","1,580","44,879","3,924","42,158","1,874","41,086","1,900","39,856","1,847","41,104","2,823","42,664","1,313","41,148",812,"39,452","1,211","39,485","1,051","36,699",898,"35,610","1,218","36,936",857,"36,762",874,"38,437","1,009","36,265",848,"33,738","1,484","36,252","1,511","33,452","1,659","32,413","1,439","29,810","1,149","26,595","1,028","24,376","1,091","23,485","1,259","23,764","1,046","24,780","1,213","23,283","1,206","19,907",801,"20,673",939,"19,874","1,006","17,361",748,"17,680","1,079"
Louisiana,"43,903","1,453","42,196","1,197","45,922","2,140","42,406","1,862","46,425","2,543","39,622","2,857","39,085","1,611","40,658","1,929","39,300","3,248","45,433","1,813","39,563","1,486","41,313",937,"36,488","1,425","37,236","1,297","36,429","1,243","33,507","1,103","34,008","1,258","33,322","1,195","30,718",828,"32,654","1,244","31,735","1,660","33,260","1,551","30,262","1,290","27,949","1,090","25,676","1,501","26,312","1,164","25,439","1,142","25,299","1,156","22,405","1,580","22,861","1,857","20,497","1,474","21,349",858,"20,890",956,"21,179",728,"18,949",880
Maine,"51,664","2,146","50,856","3,346","50,756","1,929","51,710","2,171","54,957","3,863","50,121","1,953","49,158","2,247","49,693","1,983","47,931","1,687","47,502","1,739","47,228","1,436","47,894","1,398","45,642","1,797","43,923","1,433","41,329","1,223","37,113",945,"36,853",846,"36,612",952,"37,266",853,"38,862","1,319","35,640","1,049","32,772","1,301","34,696","1,211","33,858","1,088","30,316","1,537","27,438","1,203","29,617","1,026","27,868","1,253","27,464","1,572","28,221","1,389","26,402",942,"23,600","1,019","23,424",970,"20,519",803,"20,648",884
Maryland,"81,084","3,652","73,760","2,591","73,594","2,692","76,165","4,272","69,353","2,970","65,262","4,386","71,836","1,851","68,876","2,125","64,201","2,297","64,186","1,674","63,711","1,769","65,630","1,661","63,668","1,601","60,512","1,477","57,103","1,692","52,314","1,223","56,407","1,532","53,530","1,652","54,535","1,400","52,205","2,217","50,016","2,161","46,685","1,476","43,993","2,565","41,041","1,627","39,198","1,400","39,939","1,282","37,203","1,626","36,952","1,417","38,857","1,596","36,016","1,187","36,552","1,196","34,970","1,388","30,604","1,036","30,136",966,"29,708","1,151"
Massachusetts,"73,227","3,328","72,266","2,911","67,861","2,790","63,151","2,662","62,529","5,303","62,963","3,456","63,656","3,773","63,313","3,226","60,934","2,193","59,373","1,749","60,320","1,674","58,463","2,231","55,330","2,079","56,017","1,754","52,019","1,667","50,955",953,"49,855","1,153","52,253","1,518","46,753","1,357","44,005","2,023","42,345","1,961","42,023","1,383","39,494","1,932","38,574","1,475","40,500","1,060","37,064",949,"36,359",738,"35,714",790,"36,247",828,"36,086",704,"33,213",839,"32,241",716,"30,339",735,"28,207",810,"26,959",693
Michigan,"57,700","2,337","57,091","1,908","54,203","2,005","52,005","1,199","56,567","1,587","48,801","2,229","50,015","1,515","48,879","1,844","46,276","1,737","45,994","1,003","49,788","1,154","49,370",798,"48,647",966,"45,933",915,"42,256",858,"45,022",950,"42,715","1,115","45,047",868,"45,512","1,095","46,089","1,026","41,821",917,"38,742","1,108","39,225","1,143","36,426",994,"35,284",685,"32,662",682,"32,267",761,"32,117",689,"29,937",663,"30,775",790,"29,472",607,"27,702",724,"26,605",648,"24,242",838,"22,965",635
Minnesota,"71,920","2,991","70,218","4,045","68,730","3,063","67,244","3,207","64,324","3,992","60,907","1,843","61,795","1,339","57,820","2,380","52,321","1,606","56,090","1,237","54,925","1,427","58,058","1,888","56,211","1,218","54,215","1,244","56,104","1,070","52,823","1,228","54,622","1,196","52,681","1,134","54,251","1,703","47,038","1,527","47,926","2,115","42,564","1,510","40,991","1,225","37,933","1,848","33,644","1,360","33,682","1,212","30,981","1,297","29,479","1,146","31,465","1,028","30,185","1,278","29,087","1,041","28,082","1,113","26,443","1,150","23,856","1,022","24,436",914
Mississippi,"43,441","2,204","41,099","1,226","40,037","1,071","35,521","1,294","32,338","2,730","40,850","2,144","36,641","1,546","41,090","2,366","38,160","2,830","35,078","1,304","36,446",830,"37,279",951,"34,733","1,583","32,875","1,292","34,755","1,132","32,728","1,113","30,882",766,"30,161","1,186","34,299","1,354","32,478","1,408","29,120","1,158","28,499","1,386","26,677","1,316","26,538","1,028","25,400",752,"22,191","1,229","20,570","1,074","19,475","1,053","20,178",802,"19,917",947,"18,166",888,"18,513",901,"16,513",639,"16,413",619,"15,430",732
Missouri,"56,885","2,611","55,016","1,719","59,196","2,607","56,630","3,030","46,303","4,134","50,311","3,698","49,764","2,042","45,774","2,157","45,817","2,157","48,769","1,595","46,038","1,146","46,005","1,104","44,579","1,402","42,986",989,"42,137","1,073","43,762",875,"42,776","1,074","41,339","1,204","45,097","1,187","41,383","1,191","40,201","1,868","36,553","2,060","34,265","1,513","34,825","1,373","30,190","1,442","28,682","1,466","27,361","1,451","27,926","1,415","27,332","1,394","26,497",746,"23,443","1,088","23,720","1,167","21,925",772,"21,939",608,"20,775",715
Montana,"59,087","2,589","57,075","2,880","51,395","2,937","51,102","1,778","43,201","5,946","44,132","3,252","45,088","2,565","40,277","2,036","41,280","1,847","40,437","1,002","42,900","1,764","43,655","1,699","41,105",697,"37,313","1,161","33,956",709,"34,108","1,067","34,835","1,212","32,126",737,"32,777","1,001","31,038",966,"31,577","1,133","29,212","1,145","28,684","1,566","27,757","1,105","27,631","1,246","26,470",965,"26,525",728,"24,827",890,"23,375",983,"23,692","1,311","22,231",829,"20,474",799,"20,328",749,"20,236",800,"19,536",720
Nebraska,"59,619","2,848","59,374","2,678","60,474","2,937","56,870","2,254","57,623","4,217","53,774","1,815","52,196","2,699","55,616","2,693","52,504","1,761","49,595","1,657","50,728","1,254","49,174","1,379","48,145","1,490","47,923","1,447","43,786","1,332","43,974","1,306","42,796","1,038","43,611","1,116","41,750","1,018","38,626","1,366","36,413","1,549","34,692","1,528","34,014","1,500","32,929","1,155","31,794","1,116","31,008",833,"30,048","1,071","29,549","1,007","27,482","1,128","26,319","1,521","25,159",960,"23,268",761,"21,772",814,"21,799",914,"21,397",765
Nevada,"56,550","3,039","55,431","2,137","52,008","2,272","49,875","1,836","51,846","3,178","45,369","2,830","47,333","2,533","47,043","2,669","51,200","1,922","51,434","1,097","54,744","2,658","54,058","1,294","52,282","1,252","48,209","1,680","47,204","1,382","45,184","1,554","44,958","1,161","45,403","1,130","45,758","1,011","41,461","1,764","39,756","1,225","38,854","1,576","38,540","1,615","36,084","1,314","35,871","1,534","35,814","1,078","31,908",796,"32,937","1,564","32,023","1,179","29,340",948,"27,983",956,"26,878","1,128","26,217",895,"23,274","1,005","25,776","1,018"
New Hampshire,"74,801","3,041","76,260","2,913","75,675","3,519","73,397","3,253","69,099","3,967","71,322","3,261","67,819","2,224","65,880","1,652","66,633","1,651","64,131","1,856","66,176","3,204","67,576","1,846","61,970","1,479","56,984","2,026","56,815","1,324","55,567","1,304","55,321","1,289","51,331",719,"50,926","1,243","46,055","1,952","44,958","1,866","40,998","1,604","39,407","1,734","39,171","1,556","35,245","1,837","37,964","1,620","39,436","1,922","36,032","1,339","40,805","1,313","37,532","1,371","34,625","1,129","32,338","1,450","30,548",829,"26,403","1,074","25,914",735
New Jersey,"72,997","2,999","68,468","2,867","68,357","3,132","65,243","2,693","63,754","4,464","61,782","3,058","66,692","1,960","62,338","3,028","62,968","2,443","64,777","1,919","65,306","2,297","60,508","1,458","68,059","1,979","63,368","2,257","55,275","1,283","56,045","1,023","54,568","1,605","51,771",933,"50,405",991,"49,734","1,405","49,826","1,436","48,021","1,424","47,468","1,217","43,924","1,400","42,280","1,064","40,500",986,"39,000",841,"40,049","1,033","38,734",864,"39,120",948,"36,287",658,"34,241",794,"31,715",842,"30,980",643,"27,776",800
New Mexico,"47,855","1,969","48,451","2,961","45,119","2,885","46,686","3,312","40,166","4,408","42,127","2,670","43,424","2,267","41,982","2,154","45,134","3,016","43,542","1,494","42,102","1,381","44,356","1,474","40,028","1,257","38,947","1,700","39,562","1,584","35,105","1,142","35,457","1,061","33,124","1,238","35,093","1,248","32,574","1,746","31,543","1,398","30,086","1,157","25,086","1,091","25,991","1,100","26,905","1,382","26,758",853,"25,860","1,347","26,540","1,195","25,039","1,048","22,602","1,029","19,296",833,"20,758",621,"19,845",693,"20,423","1,025","20,630","1,029"
New York,"62,447","2,093","61,437","1,405","58,005","2,205","54,310","1,781","49,966","2,267","53,843","1,642","47,680","1,585","50,636","1,006","49,781","1,320","50,216",599,"50,461",682,"48,944",918,"48,222",989,"47,176",827,"44,649",792,"42,788",872,"41,966",580,"42,114",600,"40,744",581,"39,989",879,"37,394",777,"35,798",634,"35,410",746,"33,028",716,"31,899",477,"31,697",556,"31,051",529,"31,794",538,"31,591",511,"31,496",453,"28,915",668,"26,384",456,"25,025",474,"23,639",523,"22,027",417
North Carolina,"50,343","1,760","53,764","1,629","50,797","1,343","46,784","1,710","46,337","2,974","41,208","2,058","41,553","1,294","45,206","1,560","43,830","1,923","41,906",576,"42,930",846,"43,513","1,072","39,797",815,"42,056",964,"40,238",812,"37,279",941,"36,515",716,"38,162",951,"38,317",806,"37,254",960,"35,838","1,022","35,840",917,"35,601","1,008","31,979",888,"30,114",670,"28,820",653,"27,771",616,"26,853",510,"26,329",556,"26,406",517,"24,415",536,"22,760",542,"21,861",698,"21,451",585,"20,569",641
North Dakota,"59,886","1,676","60,184","2,290","57,415","3,233","60,730","3,138","59,152","3,451","52,888","2,863","55,766","2,123","56,361","2,960","51,006","2,311","50,075","1,738","49,631","1,188","47,205","1,280","41,047","1,405","42,192","1,221","39,220","1,251","40,410",852,"36,200",824,"35,793",804,"35,996","1,065","32,663","1,383","30,304","1,179","31,661","1,361","31,470","1,184","29,089","1,217","28,278","1,115","28,118",835,"26,959",901,"25,892",932,"25,264","1,003","25,229",903,"24,092","1,009","22,576",905,"21,508",785,"21,205",809,"20,771","1,038"
Ohio,"59,768","1,890","53,985","1,894","53,301","1,957","49,644","1,393","50,748","2,448","46,398","1,386","44,375","1,723","44,648","1,200","45,886","1,493","45,879",626,"46,934",848,"49,099","1,085","45,900",633,"44,203","1,046","43,055",977,"43,520",930,"42,684",777,"41,785",661,"42,962",732,"39,489",989,"38,925","1,576","36,134",894,"34,070","1,063","34,941",988,"31,855",584,"31,285",658,"31,404",587,"29,790",759,"30,013",720,"29,021",655,"27,740",636,"25,773",555,"25,115",588,"25,174",564,"23,123",492
Oklahoma,"55,006","3,102","50,943","1,652","47,077","1,937","47,199","2,775","46,162","3,442","43,777","4,085","48,407","2,821","48,455","2,395","43,103","2,073","45,878","1,139","46,111",931,"43,216","1,453","38,838","1,597","37,645","1,449","39,614","1,122","35,902",781,"36,458",613,"35,609",690,"32,432",709,"32,683","1,491","33,727","1,232","31,351","1,025","27,437","1,089","26,311",880,"26,991","1,213","26,260","1,492","25,284","1,075","25,462","1,079","24,384","1,044","23,667","1,236","23,667",756,"21,691",884,"20,948",871,"21,205",764,"21,148",718
Oregon,"64,610","2,856","59,135","2,622","60,834","2,374","58,875","2,998","48,999","2,887","56,307","2,022","51,775","2,330","51,526","1,607","50,602","1,505","49,098","1,644","51,727","1,374","50,236","1,357","47,091","1,396","44,159","1,391","40,994","1,051","41,638",965,"41,802",855,"41,273",752,"42,499",936,"40,619","1,252","39,067","1,927","37,247","1,788","35,492","1,274","36,374",970,"31,456","1,128","33,138","1,160","31,927","2,039","30,190","1,087","29,281",966,"28,529","1,435","27,748","1,150","25,038","1,092","24,773","1,002","21,894","1,042","21,399",745
Pennsylvania,"63,173","2,753","60,979","2,036","60,389","2,227","55,173","2,266","55,156","2,936","53,952","1,606","51,904","1,405","49,910","1,694","48,314","1,508","48,172",937,"51,402",589,"48,437",932,"48,477",869,"46,300",745,"44,106","1,039","42,933",778,"42,498",795,"43,499",723,"42,176",704,"37,758","1,141","39,015","1,080","37,517",964,"34,899",974,"34,524",683,"32,066",654,"30,995",694,"29,882",667,"30,367",614,"29,005",688,"28,690",684,"26,742",497,"25,424",541,"23,807",495,"22,877",538,"20,346",499
Rhode Island,"66,390","4,209","61,528","2,828","55,701","3,247","58,633","4,001","56,323","3,852","57,812","2,135","56,065","2,561","49,033","2,283","51,623","1,730","51,634","1,446","53,241","2,399","54,210","1,849","53,736","1,823","49,484","1,456","47,935","1,972","44,711","1,249","42,417",875,"45,723","1,147","42,197","1,018","42,719","1,980","40,686","2,657","34,797","2,235","36,986","1,036","35,359","1,373","31,928","1,321","33,509","1,547","30,432","1,433","30,836","1,091","31,968","1,175","30,124","1,354","29,842","1,584","28,292","1,440","26,540","1,060","24,625",900,"21,612",848
South Carolina,"54,971","2,078","54,336","3,153","46,360","2,266","44,929","2,244","43,563","2,388","43,749","2,970","44,401","2,157","40,084","1,702","41,698","1,460","41,101","1,113","42,155","1,121","44,213","1,553","39,617","1,347","40,230","1,204","38,691","1,021","38,479","1,121","37,812","1,224","37,736","1,023","37,570",937,"36,462","1,728","33,267","1,310","34,262","1,609","34,665","1,405","29,071","1,400","29,846","1,139","26,053",960,"27,578","1,434","27,463","1,137","28,735","1,383","23,798","1,059","25,533","1,150","25,049","1,136","21,968",864,"20,036",862,"20,309",934
South Dakota,"56,894","3,633","57,450","3,075","55,065","2,604","53,053","3,542","53,413","2,917","54,453","3,030","49,415","1,705","47,223","2,147","45,352","2,045","45,826","1,289","51,600",995,"46,418",900,"45,427","1,641","43,151","1,369","41,107",995,"39,522","1,004","37,873",953,"39,671",856,"36,475",687,"35,828",944,"32,786","1,013","29,694","1,145","29,526","1,003","29,578","1,610","29,733","1,185","27,737","1,040","26,259",669,"24,639",780,"24,571",858,"24,108",999,"22,294",703,"21,151",597,"19,898",664,"18,142",702,"19,409",928
Tennessee,"55,240","2,162","51,344","1,387","47,330","1,708","43,716","2,326","43,361","3,435","42,499","2,934","42,995","2,407","42,279","2,556","38,591","1,257","40,517",988,"39,702","1,211","41,195","1,116","40,693",755,"39,406","1,191","38,072","1,057","37,523","1,181","37,030","1,111","35,783",791,"34,096",930,"36,522","1,310","34,091","1,307","30,636","1,358","30,790","1,087","29,015","1,268","28,639","1,028","25,102",831,"24,318",913,"24,453",915,"22,592",869,"22,611","1,305","20,856","1,017","21,179",795,"18,256",884,"17,778",557,"16,782",576
Texas,"59,295","1,702","58,146","1,407","56,473","1,289","53,875","1,344","51,406","1,360","53,027","1,613","51,926",950,"49,047","1,153","47,266","1,159","47,475",743,"46,490",674,"46,053",700,"43,307",828,"41,422",420,"41,397",549,"39,271",762,"40,149",563,"40,860",512,"38,609",785,"38,688","1,020","35,783",662,"35,075",880,"33,072",763,"32,039",634,"30,755",655,"28,727",613,"27,953",634,"27,733",626,"28,228",716,"25,886",559,"24,963",582,"24,721",637,"24,162",514,"23,743",546,"23,024",533
Utah,"71,319","2,250","67,481","2,237","66,258","2,462","63,383","3,231","61,047","1,553","62,967","4,137","58,341","2,944","55,493","1,659","56,701","1,962","58,491","1,588","62,537","1,526","53,529","1,218","54,628","1,671","54,813","1,303","50,871",927,"49,275",902,"47,861","1,146","47,342","1,601","47,550","1,041","46,050","1,615","44,299","1,375","42,775","1,785","37,038","1,330","36,480",919,"35,716","1,041","35,786","1,242","34,251","1,145","28,016","1,359","30,142","1,018","30,717","1,014","26,313",909,"26,529","1,194","26,281",810,"25,238",702,"23,057",735
Vermont,"63,805","3,133","60,837","1,364","59,494","2,622","60,708","3,098","65,513","4,013","54,842","2,981","55,582","3,030","51,862","2,007","55,928","2,247","52,318","1,438","50,706",982,"47,390","1,398","51,981","1,266","50,704","1,309","47,329","1,270","43,261",977,"42,999",830,"40,794",944,"39,594",921,"41,584","1,407","39,372","1,591","35,053","1,727","32,358","1,250","33,824","1,242","35,802","1,906","31,065",956,"32,755","1,333","29,155","1,222","31,098","1,331","31,295","1,136","28,988","1,077","25,415","1,374","24,599","1,003","26,000",942,"22,578",983
Virginia,"71,293","3,276","66,451","2,436","61,486","2,439","66,155","2,946","65,907","2,740","67,620","2,542","64,632","2,166","62,616","1,773","60,367","1,965","60,501","1,193","61,985","1,447","59,161","1,365","57,119","1,592","51,914","1,185","51,141","1,116","54,783","1,563","49,631","1,290","50,241","1,148","47,163","1,065","45,693","1,770","43,354","2,195","42,957","1,897","39,211","1,459","36,222","1,391","37,647","1,531","36,433","1,387","38,198","1,359","36,137","1,336","35,073","1,048","34,118","1,205","32,648","1,319","29,996","1,013","29,715","1,074","28,429","1,324","26,525",874
Washington,"75,418","3,307","70,310","2,092","67,243","3,253","59,068","2,195","63,922","3,386","60,106","2,198","62,187","2,249","56,850","1,983","56,163","2,060","60,392","1,199","56,631","2,021","58,080","1,736","54,723","1,244","50,646","1,045","49,922","1,068","47,508","1,395","45,183",964,"42,490","1,264","42,525","1,211","45,473","2,080","47,421","1,379","44,562","1,715","36,676","1,608","35,568","1,252","33,533","1,190","35,655","1,111","33,900","1,247","33,970","1,185","32,112","1,239","31,961","1,472","32,327","1,030","27,319","1,108","26,881",950,"24,000",756,"25,017",823
West Virginia,"45,392","1,485","44,354","1,994","42,824","3,132","39,552","2,195","43,069","3,454","40,241","2,690","43,553","2,774","41,821","1,766","42,777","2,518","40,490",913,"37,994","1,404","42,091",989,"38,419","1,214","36,445","1,076","33,373","1,173","32,763",993,"29,359",699,"29,673",674,"29,411",645,"29,297","1,149","26,704",780,"27,488","1,315","25,247","1,301","24,880",870,"23,564","1,217","22,421",981,"20,271",892,"23,147",918,"22,137","1,142","21,677",843,"19,353",930,"17,207",778,"16,464",905,"15,983",828,"16,843",608
Wisconsin,"63,451","3,673","59,817","1,845","55,425","1,487","58,080","2,154","51,726","2,629","55,258","2,338","53,079","1,709","52,058","2,067","50,351","1,435","51,237",806,"51,200",852,"51,277","1,040","51,692","1,146","44,650","1,178","45,732","1,337","46,269",978,"45,903",946,"45,346","1,123","45,088",952,"45,667","1,878","41,327","1,271","39,595","1,150","40,001","1,780","40,955","1,318","35,388","1,272","31,766","1,340","33,308","1,097","31,133","1,018","30,711",897,"29,123","1,240","29,575",978,"26,369","1,410","26,430",803,"23,246","1,161","20,743",821
Wyoming,"57,837","3,134","57,829","3,122","60,925","2,024","55,690","2,019","67,441","3,988","55,700","3,168","57,512","2,820","54,509","2,277","52,201","2,181","52,470","2,131","53,337","1,577","48,744","1,363","47,041","1,503","44,718","1,508","45,397","1,146","42,555","1,000","39,763",976,"39,719","1,166","39,629","1,056","37,248","1,285","35,250","1,316","33,423","1,441","30,953",858,"31,529","1,136","33,140","1,848","29,442","1,167","30,209","1,420","29,050","1,382","29,460",991,"29,521","1,289","26,419","1,095","27,590","1,458","23,559",863,"22,081","1,049","23,816",731
2017 DOLLARS,,,,,,,,,,,,,,,,,,,,,,,,,,,,,,,,,,,,,,,,,,,,,,,,,,,,,,,,,,,,,,,,,,,,,,
State,2017,,2016,,2015,,2014,,2013 (39),,2013 (38),,2012,,2011,,2010 (37),,2009 (36),,2008,,2007,,2006,,2005,,2004(revised),,2003,,2002,,2001,,2000 (30),,1999 (29),,1998,,1997,,1996,,1995 (25),,1994 (24),,1993 (23),,1992 (22),,1991,,1990,,1989,,1988,,1987 (21),,1986,,1985 (20),,1984 (19),
,"Median
income","Standard
error","Median
income","Standard
error","Median
income","Standard
error","Median
income","Standard
error","Median
income","Standard
error","Median
income","Standard
error","Median
income","Standard
error","Median
income","Standard
error","Median
income","Standard
error","Median
income","Standard
error","Median
income","Standard
error","Median
income","Standard
error","Median
income","Standard
error","Median
income","Standard
error","Median
income","Standard
error","Median
income","Standard
error","Median
income","Standard
error","Median
income","Standard
error","Median
income","Standard
error","Median
income","Standard
error","Median
income","Standard
error","Median
income","Standard
error","Median
income","Standard
error","Median
income","Standard
error","Median
income","Standard
error","Median
income","Standard
error","Median
income","Standard
error","Median
income","Standard
error","Median
income","Standard
error","Median
income","Standard
error","Median
income","Standard
error","Median
income","Standard
error","Median
income","Standard
error","Median
income","Standard
error","Median
income","Standard
error"
United States,"61,372",335,"60,309",445,"58,476",332,"55,613",406,"56,479",689,"54,744",291,"54,569",224,"54,673",274,"55,520",366,"57,010",244,"57,412",156,"59,534",166,"58,746",252,"58,291",195,"57,674",255,"57,875",251,"57,947",190,"58,609",179,"59,938",188,"60,062",280,"58,612",347,"56,533",261,"55,394",279,"54,600",316,"52,942",241,"52,334",245,"52,615",249,"53,025",253,"54,621",279,"55,329",304,"54,390",278,"53,945",263,"53,309",276,"51,455",279,"50,511",230
Alabama,"51,113",845,"48,237","2,350","46,053","3,538","43,820","1,585","49,876","5,809","43,616","2,440","46,490","2,705","46,520","2,208","46,120","2,700","45,789","1,035","50,761","1,893","50,028","1,683","46,255","1,236","46,745","1,529","47,651","1,695","49,774","2,111","51,380","1,451","48,800","1,396","50,566","1,530","53,502","1,755","54,664","1,970","48,794","2,455","47,294","1,963","41,646","2,029","44,626","2,558","42,017","1,823","44,323","1,817","42,852","1,880","42,607","1,892","40,740","2,048","39,852","1,822","40,848","2,374","40,965","1,895","39,941","1,656","39,007","1,363"
Alaska,"72,231","2,719","77,351","4,174","77,717","3,606","70,095","3,268","76,387","5,740","64,439","3,479","68,080","3,037","62,731","4,052","65,178","2,693","70,555","2,005","73,032","2,627","74,657","1,876","68,761","1,822","70,326","1,675","71,632","2,694","69,257","1,311","72,110","1,466","79,616","2,793","75,436","1,654","75,854","3,285","76,408","3,202","73,321","1,922","82,374","2,976","76,837","3,217","74,443","2,452","71,917","2,752","71,791","1,985","71,482","3,207","71,686","2,968","68,919","2,638","66,133","2,363","68,791","3,099","67,138","2,178","75,777","2,373","72,912","3,319"
Arizona,"61,125","2,642","58,328","2,013","54,060","2,078","51,050","2,388","55,453","4,601","53,335","5,092","50,320","3,125","53,108","2,648","52,839","2,509","52,385","1,421","53,544","1,284","55,957","1,843","56,864","1,519","56,931","1,599","57,039","1,487","55,000","1,900","54,292","1,370","59,270","2,000","56,788","1,727","54,600","1,672","55,906","1,892","50,018","1,981","49,377","1,988","49,452","2,179","51,349","1,268","51,110","1,876","50,420","1,869","54,101","1,579","53,309","2,081","54,651","2,316","52,811","1,684","55,369","1,846","54,600","1,537","52,019","1,621","48,280","1,372"
Arkansas,"48,829","2,642","46,894","2,212","44,282","1,627","46,560","2,639","41,503","2,532","42,075","2,518","41,735","3,008","45,114","2,020","43,477","2,776","41,847","1,041","45,180","1,363","48,349","1,598","45,164",935,"46,126","1,647","45,511","1,293","42,756","1,037","44,253","1,063","46,272","1,588","42,391","1,102","43,807","1,514","41,700","1,748","39,968","1,763","42,332","1,526","41,362","1,601","41,950","1,549","38,594","1,419","41,015","2,401","41,248","1,378","41,565","1,789","41,025","1,751","40,299","1,410","38,971","2,087","40,104","1,638","38,019","1,664","35,320","1,686"
California,"69,759","1,452","68,070","1,098","65,843","1,770","62,693",927,"64,078","1,909","60,635","1,289","60,990","1,324","58,292","1,505","61,162","1,332","64,291",709,"65,071",946,"66,054",732,"67,421",847,"65,122",579,"64,033",859,"65,867","1,094","64,817","1,047","65,596","1,009","66,827",979,"64,391","1,038","61,700",870,"60,641","1,320","60,576","1,277","59,300","1,158","57,975","1,016","57,078","1,091","59,943","1,080","59,253","1,206","60,726","1,031","63,183","1,183","60,507","1,267","62,401","1,114","62,115","1,220","58,782",763,"56,983",820
Colorado,"74,172","2,982","72,084","4,214","68,906","3,810","63,162","2,502","71,580","4,352","66,794","2,951","61,242","2,897","64,040","2,789","67,866","2,795","64,057","1,827","69,556","2,166","72,462","1,202","67,882","1,857","63,479","1,619","66,198","2,068","66,722","1,547","65,988","2,000","68,559","1,652","68,860","1,766","71,103","2,189","70,239","1,637","66,048","2,970","63,912","2,074","65,224","2,487","62,081","2,373","57,773","2,628","55,788","2,526","55,442","2,191","56,062","1,653","51,309","2,676","52,370","2,567","54,804","2,225","58,222","1,983","61,398","1,852","58,141","1,814"
Connecticut,"72,780","3,509","77,556","3,477","75,417","4,603","72,719","2,762","73,034","3,413","71,442","2,685","68,720","3,052","71,452","3,292","74,361","2,360","74,274","2,643","73,823","3,083","76,017","2,428","76,056","2,635","71,514","2,055","71,680","2,144","73,436","2,086","72,947","1,872","74,042","1,721","71,618","1,937","74,669","3,389","70,102","4,112","67,197","3,039","65,737","4,818","64,482","3,636","67,436","2,617","66,196","2,781","70,141","3,387","74,196","3,422","70,905","3,825","81,007","3,047","72,346","2,583","68,023","2,819","70,061","3,437","67,734","2,460","67,493","2,790"
Delaware,"62,318","3,300","59,294","3,056","59,759","3,510","59,619","3,078","57,013","4,585","55,040","2,620","52,382","2,114","59,704","1,906","62,211","2,541","59,686","2,040","57,867","1,584","64,697","2,559","63,910","2,108","64,468","1,354","62,507","1,849","65,492","1,841","67,841","2,302","68,844","2,037","71,893","2,153","68,817","3,366","62,490","2,642","65,742","3,150","61,351","2,188","55,965","2,961","58,864","1,954","60,413","1,422","61,274","2,392","57,353","1,955","56,191","2,030","61,381","2,169","60,942","2,331","60,534","1,811","54,869","2,595","50,065","2,976","58,181","2,314"
D.C.,"83,382","3,319","72,508","2,793","72,501","2,960","70,767","4,563","63,301","5,828","63,952","3,248","69,789","3,927","60,350","2,304","64,142","3,755","60,863","2,391","63,446","2,012","60,186","1,300","59,082","2,046","56,614","2,727","56,525","2,425","60,181","1,895","53,385","1,360","57,140","1,420","58,842","1,530","57,072","2,360","50,394","1,976","48,673","1,503","49,891","2,463","49,268","1,894","49,418","1,816","45,739","2,891","51,947","1,930","52,601","3,350","49,967","2,849","51,206","1,943","53,423","1,494","56,831","2,660","52,077","2,681","45,917","1,647","45,988","1,938"
Florida,"53,681","1,816","52,277",853,"50,518","1,443","47,822",985,"51,153","2,967","50,473","1,658","49,279","1,187","49,267","1,243","49,650","1,740","52,261",809,"51,196",979,"54,273",676,"55,669",767,"54,093","1,019","52,732",822,"52,068","1,014","51,956","1,131","50,550",579,"55,465","1,061","52,882",925,"52,619","1,156","49,582",891,"47,823",801,"47,661",981,"48,069","1,037","47,826","1,184","46,970",903,"47,967",836,"48,678",828,"49,929",909,"50,756",949,"50,691",985,"48,923","1,156","46,499",952,"44,584","1,055"
Georgia,"57,016","2,434","54,678","1,715","52,529","1,450","51,362","2,082","49,530","4,465","50,001","2,065","51,472","1,609","50,216","2,712","49,707","2,053","49,638","1,439","52,760","1,328","57,647","1,278","60,139","1,475","57,788","1,054","53,316",804,"56,699","1,308","58,671","1,513","59,092","1,489","59,811","1,186","58,187","2,000","58,280","1,777","56,011","1,399","50,718","2,600","54,637","1,437","51,634","2,031","53,041","2,101","49,456","2,109","47,896","1,915","50,275","2,163","52,718","1,954","53,073","1,790","55,297","2,857","52,180","2,381","45,858","1,717","45,033","1,837"
Hawaii,"73,575","2,227","73,684","2,564","66,751","2,938","73,820","2,774","67,705","4,130","64,725","2,326","60,181","2,412","64,496","2,765","67,084","3,077","63,735","2,317","70,215","1,690","75,876","2,518","73,699","1,915","74,976","1,525","73,165","2,199","69,253","1,780","64,634","1,873","65,842","1,743","73,579","1,703","65,683","2,704","61,539","3,571","62,536","2,137","65,195","2,954","68,661","2,070","69,337","3,976","71,466","2,947","72,325","2,464","65,557","2,869","70,998","2,579","67,061","2,542","65,975","2,961","72,494","2,223","62,100","2,582","63,095","3,150","65,072","2,740"
Idaho,"60,208","2,400","57,780","1,288","53,414","1,304","55,387","2,666","51,085","5,780","54,563","3,853","51,259","3,394","51,839","3,810","53,012","2,106","53,575","1,448","54,121","1,919","58,291","1,530","56,323","1,599","55,586","1,578","57,705","1,804","56,611","1,312","51,533","1,532","53,076","1,341","53,688","1,702","52,836","2,085","55,288","1,643","51,032","2,046","54,172","2,093","52,357","1,788","51,748","2,097","51,947","2,216","47,579","1,501","45,967","1,811","46,160","1,779","47,190","1,824","46,848","2,006","42,962","1,726","44,427","1,456","45,231","1,303","47,529","2,170"
Illinois,"64,609","1,999","62,706","1,799","62,508","2,068","56,918","1,684","56,850","3,465","60,285","1,838","55,340","1,420","55,310","1,501","57,156","1,661","60,552","1,078","60,780","1,512","62,228","1,126","59,319","1,422","60,898","1,241","59,942","1,071","60,327","1,432","58,358","1,170","64,082","1,220","65,754","1,379","68,377","1,517","65,082","1,860","63,069","1,195","61,734","1,728","61,001","1,402","57,565","1,311","55,041","1,357","54,186","1,291","56,120","1,257","59,362","1,321","59,911","1,192","58,983","1,506","56,063","1,109","56,764","1,357","54,183","1,139","53,524","1,278"
Indiana,"58,873","2,026","57,300","2,939","53,786","1,740","49,812","2,014","52,126","4,751","53,284","3,394","49,372","1,911","48,547","2,522","51,986","2,899","50,743","1,243","53,094","1,352","56,239","1,487","55,341","1,506","53,398","1,384","55,066","1,497","56,682","1,281","56,086","1,022","56,043","1,316","58,332",969,"60,272","2,537","59,887","2,395","59,411","1,807","54,855","2,026","53,493","2,314","45,712","1,693","49,376","2,280","48,998","2,258","47,680","1,623","49,121","2,005","49,571","1,956","52,528","1,860","46,613","1,954","48,664","1,518","49,401","1,364","51,311","1,600"
Iowa,"63,481","5,512","60,365","2,537","62,965","3,389","59,918","3,550","63,405","6,465","57,818","2,073","57,163","2,287","54,853","2,156","55,227","1,512","58,091","1,758","57,228","1,476","57,964","1,720","58,655","1,817","58,510","1,685","56,447","1,979","55,291","1,181","56,089","1,574","56,872","1,573","58,512","1,158","60,656","1,668","55,799","1,812","51,611","1,959","51,831","2,383","56,912","1,509","54,280","2,100","48,016","2,077","49,364","1,669","50,257","1,781","49,778","1,799","50,274","1,516","48,556","2,154","45,932","1,888","48,088","1,606","45,592","1,316","44,760","1,679"
Kansas,"57,872","2,898","58,032","3,338","56,768","3,860","55,393","2,967","50,403","4,739","54,266","1,579","53,485","1,938","50,406","2,130","51,890","2,046","51,215","2,048","54,643","1,609","57,477","2,139","55,517","1,526","52,882","1,239","53,423","2,275","59,096","1,772","58,234","1,431","57,481","1,548","58,609","1,667","55,121","3,067","55,335","2,437","55,717","2,466","50,857","2,279","48,616","1,476","46,474","1,746","49,870","1,916","52,117","1,953","51,563","1,644","54,573","2,151","51,417","1,738","51,075","2,303","52,956","1,863","51,229","1,674","49,647","2,251","55,500","2,055"
Kentucky,"51,348","1,364","46,345","2,048","43,857","2,348","44,346","1,638","47,303","4,136","44,435","1,975","43,947","2,032","43,534","2,017","46,313","3,181","48,863","1,504","46,963",927,"46,757","1,435","48,123","1,281","46,178","1,130","46,325","1,584","49,348","1,145","50,231","1,194","53,348","1,400","51,766","1,210","49,793","2,190","54,643","2,278","51,105","2,534","50,588","2,246","47,765","1,841","43,640","1,687","40,834","1,828","40,333","2,162","41,827","1,841","45,203","2,213","44,566","2,308","39,770","1,600","42,792","1,944","42,553","2,154","37,823","1,630","39,841","2,431"
Louisiana,"43,903","1,453","43,103","1,223","47,515","2,214","43,952","1,930","48,933","2,680","41,762","3,011","41,806","1,723","44,410","2,107","44,280","3,660","52,035","2,076","45,154","1,696","48,963","1,110","44,471","1,737","46,853","1,632","47,391","1,617","44,767","1,474","46,468","1,719","46,249","1,659","43,848","1,182","48,193","1,836","47,834","2,502","50,812","2,369","47,231","2,013","44,783","1,747","42,132","2,463","44,077","1,950","43,689","1,961","44,529","2,035","40,870","2,882","43,758","3,554","40,949","2,945","44,191","1,776","44,729","2,047","46,141","1,586","42,700","1,983"
Maine,"51,664","2,146","51,950","3,418","52,516","1,996","53,595","2,250","57,925","4,072","52,828","2,058","52,581","2,403","54,279","2,166","54,005","1,901","54,404","1,992","53,902","1,639","56,762","1,657","55,627","2,190","55,267","1,803","53,765","1,591","49,585","1,263","50,356","1,156","50,815","1,321","53,195","1,218","57,356","1,947","53,720","1,581","50,066","1,988","54,152","1,890","54,251","1,743","49,746","2,522","45,963","2,015","50,865","1,762","49,051","2,205","50,099","2,868","54,018","2,659","52,746","1,882","48,851","2,109","50,155","2,077","44,703","1,749","46,529","1,992"
Maryland,"81,084","3,652","75,346","2,647","76,146","2,785","78,942","4,428","73,099","3,130","68,787","4,623","76,838","1,980","75,232","2,321","72,336","2,588","73,513","1,917","72,715","2,019","77,782","1,969","77,597","1,951","76,141","1,858","74,285","2,201","69,894","1,634","77,074","2,093","74,296","2,293","77,846","1,998","77,048","3,272","75,389","3,257","71,322","2,255","68,662","4,003","65,760","2,607","64,320","2,297","66,905","2,148","63,893","2,793","65,040","2,494","70,881","2,911","68,938","2,272","73,023","2,389","72,386","2,873","65,528","2,218","65,655","2,105","66,945","2,594"
Massachusetts,"73,227","3,328","73,820","2,974","70,214","2,887","65,454","2,759","65,906","5,589","66,364","3,643","68,088","4,036","69,156","3,524","68,655","2,471","68,000","2,003","68,845","1,911","69,288","2,644","67,435","2,534","70,485","2,207","67,672","2,169","68,078","1,273","68,121","1,575","72,523","2,107","66,737","1,937","64,946","2,986","63,827","2,956","64,199","2,113","61,640","3,015","61,807","2,363","66,457","1,739","62,089","1,590","62,443","1,267","62,861","1,390","66,120","1,510","69,072","1,348","66,352","1,676","66,737","1,482","64,961","1,574","61,453","1,765","60,750","1,562"
Michigan,"57,700","2,337","58,319","1,949","56,083","2,075","53,901","1,243","59,622","1,673","51,437","2,349","53,498","1,620","53,390","2,014","52,140","1,957","52,677","1,149","56,824","1,317","58,511",946,"59,290","1,177","57,796","1,151","54,971","1,116","60,152","1,269","58,365","1,524","62,522","1,205","64,966","1,563","68,022","1,514","63,037","1,382","59,187","1,693","61,220","1,784","58,366","1,593","57,898","1,124","54,715","1,142","55,416","1,307","56,530","1,213","54,610","1,209","58,907","1,512","58,879","1,213","57,342","1,499","56,966","1,387","52,814","1,826","51,750","1,431"
Minnesota,"71,920","2,991","71,728","4,132","71,114","3,169","69,696","3,324","67,798","4,208","64,197","1,943","66,098","1,432","63,156","2,600","58,951","1,810","64,240","1,417","62,687","1,629","68,808","2,238","68,508","1,484","68,218","1,565","72,986","1,392","70,574","1,641","74,635","1,634","73,117","1,574","77,440","2,431","69,422","2,254","72,239","3,188","65,026","2,307","63,976","1,912","60,780","2,961","55,207","2,232","56,423","2,030","53,207","2,227","51,886","2,017","57,397","1,875","57,777","2,446","58,110","2,080","58,128","2,304","56,619","2,462","51,974","2,227","55,065","2,060"
Mississippi,"43,441","2,204","41,983","1,252","41,426","1,108","36,816","1,341","34,085","2,877","43,056","2,260","39,192","1,654","44,882","2,584","42,996","3,189","40,175","1,493","41,597",947,"44,182","1,127","42,332","1,929","41,366","1,626","45,213","1,473","43,726","1,487","42,197","1,047","41,861","1,646","48,960","1,933","47,934","2,078","43,893","1,745","43,538","2,117","41,636","2,054","42,522","1,647","41,679","1,234","37,174","2,059","35,327","1,845","34,278","1,853","36,808","1,463","38,123","1,813","36,292","1,774","38,321","1,865","35,357","1,368","35,758","1,349","34,770","1,650"
Missouri,"56,885","2,611","56,199","1,756","61,249","2,697","58,695","3,140","48,804","4,357","53,029","3,898","53,229","2,184","49,998","2,356","51,623","2,430","55,855","1,827","52,544","1,308","54,523","1,308","54,332","1,709","54,088","1,244","54,816","1,396","58,468","1,169","58,449","1,468","57,376","1,671","64,373","1,694","61,076","1,758","60,595","2,816","55,843","3,147","53,479","2,361","55,800","2,200","49,539","2,366","48,047","2,456","46,990","2,492","49,153","2,491","49,858","2,543","50,718","1,428","46,834","2,174","49,099","2,416","46,945","1,653","47,797","1,325","46,815","1,611"
Montana,"59,087","2,589","58,302","2,942","53,177","3,039","52,965","1,843","45,534","6,267","46,516","3,428","48,227","2,744","43,994","2,224","46,511","2,081","46,313","1,148","48,963","2,013","51,738","2,014","50,098",849,"46,950","1,461","44,173",922,"45,570","1,426","47,598","1,656","44,589","1,023","46,787","1,429","45,808","1,426","47,596","1,708","44,628","1,749","44,768","2,444","44,475","1,771","45,340","2,045","44,342","1,617","45,554","1,250","43,698","1,567","42,640","1,793","45,349","2,509","44,413","1,656","42,380","1,654","43,526","1,604","44,087","1,743","44,023","1,622"
Nebraska,"59,619","2,848","60,651","2,736","62,571","3,039","58,944","2,336","60,735","4,445","56,679","1,913","55,830","2,887","60,748","2,942","59,157","1,984","56,801","1,898","57,897","1,431","58,279","1,634","58,678","1,816","60,300","1,821","56,961","1,733","58,751","1,745","58,476","1,418","60,529","1,549","59,596","1,453","57,007","2,016","54,886","2,335","53,000","2,334","53,087","2,341","52,762","1,851","52,171","1,831","51,944","1,395","51,605","1,839","52,010","1,772","50,131","2,058","50,377","2,911","50,262","1,918","48,164","1,575","46,617","1,743","47,492","1,991","48,217","1,724"
Nevada,"56,550","3,039","56,623","2,183","53,812","2,351","51,694","1,903","54,646","3,350","47,820","2,983","50,629","2,709","51,384","2,915","57,688","2,166","58,908","1,256","62,481","3,034","64,067","1,534","63,720","1,526","60,660","2,114","61,408","1,798","60,368","2,076","61,430","1,586","63,016","1,568","65,317","1,443","61,191","2,603","59,924","1,846","59,358","2,408","60,151","2,521","57,818","2,105","58,861","2,517","59,995","1,806","54,799","1,367","57,973","2,753","58,415","2,151","56,160","1,815","55,904","1,910","55,636","2,335","56,135","1,916","50,706","2,190","58,084","2,294"
New Hampshire,"74,801","3,041","77,900","2,976","78,299","3,641","76,073","3,372","72,831","4,181","75,174","3,437","72,541","2,379","71,960","1,804","75,077","1,860","73,450","2,126","75,528","3,657","80,088","2,188","75,527","1,803","71,702","2,549","73,911","1,722","74,240","1,742","75,590","1,761","71,244",998,"72,694","1,774","67,972","2,881","67,766","2,813","62,633","2,450","61,504","2,706","62,764","2,493","57,834","3,014","63,596","2,714","67,728","3,301","63,421","2,357","74,435","2,395","71,840","2,624","69,173","2,256","66,938","3,001","65,408","1,775","57,523","2,340","58,395","1,656"
New Jersey,"72,997","2,999","69,940","2,929","70,728","3,241","67,622","2,791","67,198","4,705","65,119","3,223","71,336","2,096","68,091","3,307","70,947","2,753","74,189","2,198","74,535","2,622","71,712","1,728","82,948","2,412","79,735","2,840","71,907","1,669","74,879","1,367","74,561","2,193","71,854","1,295","71,950","1,415","73,401","2,074","75,103","2,164","73,363","2,175","74,085","1,899","70,380","2,243","69,378","1,746","67,845","1,652","66,979","1,444","70,491","1,818","70,657","1,576","74,880","1,815","72,494","1,315","70,877","1,644","67,907","1,803","67,494","1,401","62,591","1,803"
New Mexico,"47,855","1,969","49,493","3,025","46,684","2,985","48,388","3,433","42,336","4,646","44,402","2,814","46,448","2,425","45,856","2,353","50,853","3,398","49,869","1,711","48,052","1,576","52,569","1,747","48,785","1,532","49,006","2,139","51,466","2,061","46,902","1,526","48,448","1,450","45,974","1,718","50,093","1,781","48,075","2,577","47,545","2,107","45,963","1,768","39,153","1,703","41,646","1,763","44,149","2,268","44,824","1,429","44,412","2,313","46,714","2,103","45,675","1,912","43,263","1,970","38,549","1,664","42,968","1,285","42,491","1,484","44,494","2,233","46,488","2,319"
New York,"62,447","2,093","62,758","1,435","60,017","2,281","56,290","1,846","52,665","2,389","56,751","1,731","51,000","1,695","55,309","1,099","56,089","1,487","57,513",686,"57,592",778,"58,007","1,088","58,772","1,205","59,361","1,041","58,084","1,030","57,167","1,165","57,342",793,"58,451",833,"58,160",829,"59,019","1,297","56,364","1,171","54,689",969,"55,266","1,164","52,921","1,147","52,343",783,"53,098",931,"53,327",909,"55,961",947,"57,627",932,"60,287",867,"57,766","1,335","54,614",944,"53,583","1,015","51,501","1,139","49,636",940
North Carolina,"50,343","1,760","54,920","1,664","52,559","1,390","48,490","1,772","48,840","3,135","43,434","2,169","44,446","1,384","49,378","1,704","49,384","2,167","47,995",660,"48,997",966,"51,570","1,270","48,503",993,"52,918","1,213","52,346","1,056","49,807","1,257","49,894",978,"52,966","1,320","54,695","1,151","54,982","1,417","54,019","1,540","54,753","1,401","55,564","1,573","51,240","1,423","49,414","1,099","48,279","1,094","47,694","1,058","47,264",898,"48,028","1,014","50,544",990,"48,776","1,071","47,112","1,122","46,808","1,495","46,734","1,275","46,351","1,444"
North Dakota,"59,886","1,676","61,478","2,339","59,406","3,345","62,944","3,252","62,347","3,637","55,745","3,018","59,649","2,271","61,562","3,233","57,469","2,604","57,351","1,991","56,645","1,356","55,946","1,517","50,027","1,712","53,089","1,536","51,021","1,627","53,990","1,138","49,463","1,126","49,678","1,116","51,382","1,520","48,207","2,041","45,677","1,777","48,369","2,079","49,117","1,848","46,610","1,950","46,402","1,830","47,103","1,399","46,300","1,547","45,573","1,640","46,085","1,830","48,291","1,728","48,131","2,016","46,731","1,873","46,052","1,681","46,198","1,763","46,806","2,339"
Ohio,"59,768","1,890","55,146","1,935","55,150","2,025","51,454","1,444","53,489","2,580","48,904","1,461","47,465","1,843","48,768","1,311","51,701","1,682","52,545",717,"53,567",968,"58,190","1,286","55,942",771,"55,620","1,316","56,010","1,271","58,145","1,243","58,323","1,062","57,995",917,"61,326","1,045","58,281","1,460","58,672","2,376","55,203","1,366","53,175","1,659","55,986","1,583","52,271",958,"52,408","1,102","53,934","1,008","52,434","1,336","54,748","1,313","55,549","1,254","55,419","1,271","53,349","1,149","53,775","1,259","54,845","1,229","52,106","1,109"
Oklahoma,"55,006","3,102","52,039","1,688","48,710","2,004","48,920","2,876","48,655","3,628","46,142","4,306","51,778","3,017","52,927","2,616","48,565","2,336","52,544","1,305","52,627","1,063","51,218","1,722","47,335","1,946","47,368","1,823","51,534","1,460","47,967","1,043","49,816",838,"49,423",958,"46,295","1,012","48,236","2,201","50,837","1,857","47,896","1,566","42,822","1,700","42,158","1,410","44,290","1,990","43,990","2,499","43,423","1,846","44,816","1,899","44,480","1,904","45,301","2,366","47,282","1,510","44,899","1,830","44,853","1,865","46,198","1,664","47,656","1,618"
Oregon,"64,610","2,856","60,407","2,678","62,944","2,456","61,022","3,107","51,646","3,043","59,348","2,131","55,380","2,492","56,281","1,755","57,014","1,696","56,232","1,883","59,037","1,568","59,538","1,608","57,393","1,701","55,564","1,750","53,329","1,367","55,630","1,289","57,118","1,168","57,284","1,044","60,665","1,336","59,949","1,848","58,886","2,905","56,903","2,732","55,394","1,988","58,282","1,554","51,616","1,851","55,512","1,943","54,832","3,502","53,138","1,913","53,413","1,762","54,607","2,747","55,435","2,297","51,828","2,260","53,043","2,145","47,699","2,270","48,221","1,679"
Pennsylvania,"63,173","2,753","62,290","2,080","62,483","2,304","57,185","2,349","58,135","3,095","56,866","1,693","55,518","1,503","54,516","1,850","54,436","1,699","55,172","1,073","58,666",672,"57,406","1,105","59,082","1,059","58,258",937,"57,378","1,352","57,361","1,039","58,069","1,086","60,373","1,003","60,204","1,005","55,726","1,684","58,808","1,628","57,315","1,473","54,468","1,520","55,318","1,094","52,617","1,073","51,922","1,163","51,320","1,146","53,449","1,081","52,910","1,255","54,916","1,309","53,425",993,"52,627","1,120","50,975","1,060","49,841","1,172","45,848","1,124"
Rhode Island,"66,390","4,209","62,851","2,889","57,633","3,360","60,771","4,147","59,365","4,060","60,935","2,250","59,969","2,739","53,558","2,494","58,164","1,949","59,137","1,656","60,765","2,738","64,248","2,191","65,492","2,222","62,265","1,832","62,359","2,565","59,736","1,669","57,958","1,196","63,460","1,592","60,234","1,453","63,048","2,922","61,326","4,005","53,160","3,414","57,726","1,617","56,656","2,200","52,391","2,168","56,133","2,591","52,264","2,461","54,275","1,920","58,315","2,143","57,660","2,592","59,618","3,164","58,563","2,981","56,826","2,270","53,649","1,961","48,701","1,911"
South Carolina,"54,971","2,078","55,505","3,221","47,968","2,345","46,567","2,326","45,916","2,517","46,112","3,130","47,493","2,307","43,783","1,859","46,982","1,645","47,073","1,275","48,112","1,279","52,400","1,841","48,284","1,642","50,621","1,515","50,333","1,328","51,410","1,498","51,666","1,672","52,375","1,420","53,629","1,338","53,813","2,550","50,144","1,975","52,343","2,458","54,103","2,193","46,581","2,243","48,975","1,869","43,643","1,608","47,363","2,463","48,338","2,001","52,417","2,523","45,552","2,027","51,009","2,297","51,850","2,351","47,037","1,850","43,651","1,878","45,765","2,105"
South Dakota,"56,894","3,633","58,685","3,141","56,975","2,694","54,987","3,671","56,298","3,075","57,394","3,194","52,856","1,824","51,581","2,345","51,099","2,304","52,485","1,476","58,892","1,136","55,013","1,067","55,365","2,000","54,296","1,723","53,476","1,294","52,803","1,341","51,749","1,302","55,060","1,188","52,066",981,"52,878","1,393","49,419","1,527","45,364","1,749","46,083","1,565","47,393","2,580","48,789","1,944","46,464","1,742","45,098","1,149","43,368","1,373","44,821","1,565","46,145","1,912","44,539","1,404","43,782","1,236","42,605","1,422","39,525","1,529","43,737","2,091"
Tennessee,"55,240","2,162","52,448","1,417","48,971","1,767","45,310","2,411","45,703","3,621","44,795","3,092","45,989","2,575","46,181","2,792","43,481","1,416","46,404","1,132","45,313","1,382","48,823","1,323","49,595",920,"49,584","1,499","49,528","1,375","50,133","1,578","50,597","1,518","49,664","1,098","48,670","1,328","53,902","1,933","51,386","1,970","46,803","2,075","48,055","1,697","46,491","2,032","46,994","1,687","42,050","1,392","41,764","1,568","43,040","1,611","41,211","1,585","43,280","2,498","41,666","2,032","43,840","1,646","39,089","1,893","38,732","1,214","37,817","1,298"
Texas,"59,295","1,702","59,396","1,437","58,432","1,334","55,839","1,393","54,183","1,433","55,891","1,700","55,542","1,016","53,573","1,259","53,255","1,306","54,373",851,"53,060",769,"54,580",830,"52,781","1,009","52,120",528,"53,853",714,"52,468","1,018","54,859",769,"56,711",711,"55,112","1,121","57,099","1,505","53,936",998,"53,585","1,344","51,617","1,191","51,336","1,016","50,466","1,075","48,123","1,027","48,007","1,089","48,813","1,102","51,492","1,306","49,548","1,070","49,871","1,163","51,171","1,319","51,735","1,101","51,727","1,190","51,883","1,201"
Utah,"71,319","2,250","68,932","2,285","68,556","2,547","65,694","3,349","64,344","1,637","66,368","4,360","62,403","3,149","60,614","1,812","63,886","2,211","66,990","1,819","71,375","1,742","63,440","1,444","66,579","2,037","68,970","1,640","66,178","1,206","65,834","1,205","65,397","1,566","65,707","2,222","67,875","1,486","67,964","2,384","66,772","2,073","65,348","2,727","57,807","2,076","58,452","1,473","58,607","1,708","59,948","2,081","58,823","1,966","49,311","2,392","54,984","1,857","58,796","1,941","52,568","1,816","54,914","2,472","56,272","1,734","54,984","1,529","51,957","1,656"
Vermont,"63,805","3,133","62,145","1,393","61,557","2,713","62,922","3,211","69,052","4,230","57,804","3,142","59,452","3,241","56,648","2,192","63,015","2,532","59,920","1,647","57,872","1,121","56,165","1,657","63,353","1,543","63,800","1,647","61,570","1,652","57,799","1,305","58,753","1,134","56,619","1,310","56,518","1,315","61,373","2,077","59,346","2,398","53,551","2,638","50,503","1,951","54,196","1,990","58,748","3,128","52,039","1,601","56,254","2,289","51,316","2,151","56,728","2,428","59,902","2,174","57,912","2,152","52,608","2,844","52,670","2,148","56,645","2,052","50,878","2,215"
Virginia,"71,293","3,276","67,880","2,488","63,618","2,524","68,567","3,053","69,467","2,888","71,272","2,679","69,132","2,317","68,394","1,937","68,017","2,214","69,292","1,366","70,745","1,651","70,115","1,618","69,615","1,940","65,322","1,491","66,529","1,452","73,193","2,088","67,815","1,763","69,731","1,593","67,322","1,520","67,437","2,612","65,348","3,309","65,626","2,898","61,198","2,277","58,039","2,229","61,775","2,512","61,032","2,323","65,602","2,334","63,605","2,352","63,979","1,912","65,305","2,306","65,224","2,635","62,090","2,097","63,625","2,300","61,936","2,885","59,772","1,970"
Washington,"75,418","3,307","71,822","2,137","69,575","3,366","61,222","2,275","67,375","3,569","63,353","2,317","66,517","2,406","62,096","2,166","63,280","2,321","69,167","1,373","64,634","2,307","68,834","2,057","66,695","1,516","63,727","1,315","64,944","1,389","63,473","1,864","61,738","1,317","58,973","1,754","60,702","1,729","67,113","3,070","71,478","2,079","68,078","2,620","57,242","2,510","56,991","2,006","55,025","1,953","59,728","1,861","58,220","2,142","59,791","2,086","58,577","2,260","61,177","2,818","64,582","2,058","56,549","2,294","57,557","2,034","52,287","1,647","56,374","1,855"
West Virginia,"45,392","1,485","45,308","2,037","44,309","3,241","40,994","2,275","45,395","3,641","42,415","2,835","46,586","2,967","45,680","1,929","48,198","2,837","46,373","1,046","43,363","1,602","49,885","1,172","46,824","1,480","45,858","1,354","43,415","1,526","43,773","1,327","40,116",955,"41,184",935,"41,982",921,"43,239","1,696","40,251","1,176","41,994","2,009","39,404","2,031","39,865","1,394","38,666","1,997","37,559","1,643","34,814","1,532","40,741","1,616","40,381","2,083","41,492","1,614","38,663","1,858","35,618","1,610","35,252","1,938","34,821","1,804","37,955","1,370"
Wisconsin,"63,451","3,673","61,103","1,885","57,347","1,539","60,198","2,233","54,520","2,771","58,243","2,464","56,775","1,828","56,862","2,258","56,731","1,617","58,682",923,"58,436",972,"60,771","1,233","63,001","1,397","56,182","1,482","59,493","1,739","61,818","1,307","62,721","1,293","62,937","1,559","64,360","1,359","67,399","2,772","62,292","1,916","60,490","1,757","62,431","2,778","65,623","2,112","58,068","2,087","53,214","2,245","57,204","1,884","54,798","1,792","56,022","1,636","55,744","2,373","59,085","1,954","54,583","2,919","56,591","1,719","50,645","2,529","46,743","1,850"
Wyoming,"57,837","3,134","59,073","3,189","63,038","2,094","57,721","2,093","71,084","4,203","58,709","3,339","61,517","3,016","59,539","2,487","58,816","2,457","60,094","2,441","60,875","1,800","57,769","1,615","57,332","1,832","56,268","1,897","59,057","1,491","56,855","1,336","54,332","1,334","55,127","1,618","56,568","1,507","54,974","1,897","53,133","1,984","51,061","2,201","48,310","1,339","50,519","1,820","54,380","3,032","49,320","1,955","51,881","2,439","51,131","2,432","53,740","1,808","56,506","2,467","52,780","2,188","57,110","3,018","50,444","1,848","48,106","2,285","53,668","1,647"
"Source: U.S. Census Bureau, Current Population Survey, Annual Social and Economic Supplements.  For information on confidentiality protection, sampling error, nonsampling error, and definitions, see //www2.census.gov/programs-surveys/cps/techdocs/cpsmar18.pdf",,,,,,,,,,,,,,,,,,,,,,,,,,,,,,,,,,,,,,,,,,,,,,,,,,,,,,,,,,,,,,,,,,,,,,
,,,,,,,,,,,,,,,,,,,,,,,,,,,,,,,,,,,,,,,,,,,,,,,,,,,,,,,,,,,,,,,,,,,,,,
